{"x": [0, 1, 2, 3, 4, 5, 6, 7, 8, 9, 10, 11, 12, 13, 14, 15, 16, 17, 18, 19, 20, 21, 22, 23, 24, 25, 26, 27, 28, 29, 30, 31, 32, 33, 34, 35, 36, 37, 38, 39, 40, 41, 42, 43, 44, 45, 46, 47, 48, 49, 50, 51, 52, 53, 54, 55, 56, 57, 58, 59, 60, 61, 62, 63, 64, 65, 66, 67, 68, 69, 70, 71, 72, 73, 74, 75, 76, 77, 78, 79, 80, 81, 82, 83, 84, 85, 86, 87, 88, 89, 90, 91, 92, 93, 94, 95, 96, 97, 98, 99], "y": [-0.8173509907498819, 0.18264900925011807, 1.182649009250118, 2.182649009250118, 3.182649009250118, 4.1826490092501185, 5.1826490092501185, 6.1826490092501185, 7.1826490092501185, 8.182649009250119, 9.182649009250119, 10.182649009250119, 11.182649009250119, 12.182649009250119, 13.182649009250119, 14.182649009250119, 15.182649009250119, 16.182649009250117, 17.182649009250117, 18.182649009250117, 19.182649009250117, 20.182649009250117, 21.182649009250117, 22.182649009250117, 23.182649009250117, 24.182649009250117, 25.182649009250117, 26.182649009250117, 27.182649009250117, 28.182649009250117, 29.182649009250117, 30.182649009250117, 31.182649009250117, 32.18264900925012, 33.18264900925012, 34.18264900925012, 35.18264900925012, 36.18264900925012, 37.18264900925012, 38.18264900925012, 39.18264900925012, 40.18264900925012, 41.18264900925012, 42.18264900925012, 43.18264900925012, 44.18264900925012, 45.18264900925012, 46.18264900925012, 47.18264900925012, 48.18264900925012, 49.18264900925012, 50.18264900925012, 51.18264900925012, 52.18264900925012, 53.18264900925012, 54.18264900925012, 55.18264900925012, 56.18264900925012, 57.18264900925012, 58.18264900925012, 59.18264900925012, 60.18264900925012, 61.18264900925012, 62.18264900925012, 63.18264900925012, 64.18264900925011, 65.18264900925011, 66.18264900925011, 67.18264900925011, 68.18264900925011, 69.18264900925011, 70.18264900925011, 71.18264900925011, 72.18264900925011, 73.18264900925011, 74.18264900925011, 75.18264900925011, 76.18264900925011, 77.18264900925011, 78.18264900925011, 79.18264900925011, 80.18264900925011, 81.18264900925011, 82.18264900925011, 83.18264900925011, 84.18264900925011, 85.18264900925011, 86.18264900925011, 87.18264900925011, 88.18264900925011, 89.18264900925011, 90.18264900925011, 91.18264900925011, 92.18264900925011, 93.18264900925011, 94.18264900925011, 95.18264900925011, 96.18264900925011, 97.18264900925011, 98.18264900925011]}