{"x": [0, 1, 2, 3, 4, 5, 6, 7, 8, 9, 10, 11, 12, 13, 14, 15, 16, 17, 18, 19, 20, 21, 22, 23, 24, 25, 26, 27, 28, 29, 30, 31, 32, 33, 34, 35, 36, 37, 38, 39, 40, 41, 42, 43, 44, 45, 46, 47, 48, 49, 50, 51, 52, 53, 54, 55, 56, 57, 58, 59, 60, 61, 62, 63, 64, 65, 66, 67, 68, 69, 70, 71, 72, 73, 74, 75, 76, 77, 78, 79, 80, 81, 82, 83, 84, 85, 86, 87, 88, 89, 90, 91, 92, 93, 94, 95, 96, 97, 98, 99], "y": [2.8855726974638105, 3.1855726974638108, 3.5755726974638105, 4.08257269746381, 4.741672697463811, 5.598502697463811, 6.712381697463812, 8.160424397463812, 10.042879907463814, 12.490072070463814, 15.671421882363816, 19.807176637833816, 25.18365781994482, 32.17308335668912, 41.259336554456716, 53.07146571155459, 68.42723361578183, 88.38973189127725, 114.34097964942127, 148.0776017350085, 191.93521044627192, 248.95010177091436, 323.0694604929496, 419.42462683159533, 544.6863430718347, 707.526574184146, 919.2188746301507, 1194.418865209957, 1552.178852963705, 2017.2668370435774, 2621.8812163474117, 3407.8799094423957, 4429.678210465875, 5758.016001796399, 7484.85513052608, 9729.745997874665, 12648.104125427826, 16441.969691246937, 21373.994926811778, 27785.627733046076, 36120.75038115066, 46956.40982368662, 61042.767098983364, 79355.03155686913, 103160.97535212064, 134108.7022859476, 174340.74729992266, 226642.40581809022, 294634.56189170806, 383024.36478741124, 497931.1085518254, 647309.8754455638, 841502.2724074237, 1093952.3884578417, 1422137.5393233849, 1848778.2354485912, 2403411.1404113597, 3124433.916862958, 4061763.5262500364, 5280292.018453238, 6864379.0583174005, 8923692.210140813, 11600799.307511248, 15081038.534092814, 19605349.52864885, 25486953.821571693, 33133039.402371395, 43072950.657411, 55994835.28896249, 72793285.30997944, 94631270.33730148, 123020650.87282011, 159926845.56899434, 207904898.67402083, 270276367.71055526, 351359277.45805, 456767060.1297932, 593797177.6030594, 771936330.3183055, 1003517228.8481253, 1304572396.9368913, 1695944115.452287, 2204727349.5223017, 2866145553.81332, 3725989219.3916445, 4843785984.643466, 6296921779.470834, 8185998312.746412, 10641797806.004665, 13834337147.240393, 17984638290.84684, 23380029777.53522, 30394038710.230118, 39512250322.73348, 51365925418.987854, 66775703044.118546, 86808413956.78844, 112850938143.2593, 146706219585.67142, 190718085460.80716]}